foreclojure.api,clojure.core
foreclojure.register,compojure.core
foreclojure.home,clout.core
foreclojure.home,foreclojure.problems
foreclojure.graphs,incanter.charts
foreclojure.home,noir.session
foreclojure.social,noir.session
foreclojure.users,foreclojure.config
foreclojure.users,foreclojure.template
foreclojure.problems,foreclojure.solutions
foreclojure.ring,clojure.core
foreclojure.register,ring.util.response
foreclojure.version,foreclojure.config
foreclojure.settings,hiccup.form
foreclojure.graphs,compojure.core
foreclojure.login,ring.util.response
foreclojure.settings,noir.session
foreclojure.core,foreclojure.periodic
foreclojure.home,foreclojure.utils
foreclojure.graphs,clout.core
foreclojure.utils,somnium.congomongo
foreclojure.template,foreclojure.config
foreclojure.core,foreclojure.static
foreclojure.api,clout.core
foreclojure.home,foreclojure.login
foreclojure.problems,clojure.core
foreclojure.core,foreclojure.ring-utils
foreclojure.problems,clojure.data.xml
foreclojure.ring,clout.core
foreclojure.golf,ring.util.response
foreclojure.utils,useful.fn
foreclojure.social,somnium.congomongo
foreclojure.login,noir.session
foreclojure.datatable,compojure.core
foreclojure.messages,clojure.core
foreclojure.golf,compojure.core
foreclojure.social,clout.core
foreclojure.api,foreclojure.utils
foreclojure.utils,ring.util.response
foreclojure.login,clojure.stacktrace
foreclojure.problems,foreclojure.feeds
foreclojure.utils,clojure.walk
foreclojure.register,clojure.core
foreclojure.mongo,somnium.congomongo
foreclojure.template,foreclojure.ring-utils
foreclojure.users,hiccup.form
foreclojure.golf,noir.session
foreclojure.mongo,foreclojure.data-set
foreclojure.ring,ring.util.response
foreclojure.ring,compojure.route
foreclojure.problems,clout.core
foreclojure.core,foreclojure.datatable
foreclojure.golf,foreclojure.messages
foreclojure.golf,foreclojure.users
foreclojure.problems,noir.session
foreclojure.login,clojail.core
foreclojure.problems,clojail.core
foreclojure.core,foreclojure.problems
foreclojure.core,noir.session
foreclojure.problems,foreclojure.utils
foreclojure.core,ring.middleware.file-info
foreclojure.ring,compojure.core
foreclojure.ring,foreclojure.ring-utils
foreclojure.template,clojure.core
foreclojure.version,clout.core
foreclojure.users,cheshire.core
foreclojure.users,noir.session
foreclojure.datatable,foreclojure.ring
foreclojure.register,somnium.congomongo
foreclojure.mongo,foreclojure.config
foreclojure.problems,ring.util.response
foreclojure.social,clojure.core
foreclojure.template,noir.session
foreclojure.golf,somnium.congomongo
foreclojure.core,ring.middleware.gzip
foreclojure.core,foreclojure.config
foreclojure.core,foreclojure.register
foreclojure.mongo,clojure.core
foreclojure.problems,foreclojure.ring-utils
foreclojure.users,hiccup.element
foreclojure.ring-utils,foreclojure.config
foreclojure.template,foreclojure.version-utils
foreclojure.solutions,foreclojure.messages
foreclojure.data-set,somnium.congomongo
foreclojure.datatable,foreclojure.users
foreclojure.users,foreclojure.messages
foreclojure.users,somnium.congomongo
foreclojure.problems,somnium.congomongo
foreclojure.settings,foreclojure.template
foreclojure.utils,clojure.core
foreclojure.social,hiccup.element
foreclojure.users,clout.core
foreclojure.problems,clojail.testers
foreclojure.ring,clojure.java.io
foreclojure.register,foreclojure.messages
foreclojure.feeds,clojure.data.xml
foreclojure.graphs,foreclojure.problems
foreclojure.core,foreclojure.version
foreclojure.settings,foreclojure.users
foreclojure.golf,clojure.core
foreclojure.api,useful.map
foreclojure.problems,foreclojure.template
foreclojure.core,foreclojure.users
foreclojure.ring,clojure.string
foreclojure.home,clojure.core
foreclojure.utils,foreclojure.config
foreclojure.settings,somnium.congomongo
foreclojure.problems,clojure.string
foreclojure.static,clout.core
foreclojure.golf,foreclojure.utils
foreclojure.core,foreclojure.settings
foreclojure.utils,hiccup.element
foreclojure.solutions,clojure.core
foreclojure.core,ring.middleware.reload
foreclojure.settings,clout.core
foreclojure.register,foreclojure.utils
foreclojure.settings,foreclojure.messages
foreclojure.core,foreclojure.graphs
foreclojure.api,foreclojure.ring
foreclojure.core,foreclojure.api
foreclojure.settings,foreclojure.utils
foreclojure.api,compojure.core
foreclojure.home,compojure.core
foreclojure.ring-utils,clojure.core
foreclojure.problems,foreclojure.messages
foreclojure.core,foreclojure.ring
foreclojure.template,hiccup.page
foreclojure.social,compojure.core
foreclojure.data-set,clojure.core
foreclojure.register,noir.session
foreclojure.login,foreclojure.template
foreclojure.login,clojure.core
foreclojure.core,foreclojure.login
foreclojure.graphs,clojure.core
foreclojure.utils,hiccup.form
foreclojure.core,compojure.handler
foreclojure.problems,hiccup.form
foreclojure.core,clojure.core
foreclojure.settings,clojure.core
foreclojure.api,somnium.congomongo
foreclojure.problems,foreclojure.users
foreclojure.template,hiccup.element
foreclojure.login,foreclojure.utils
foreclojure.golf,clout.core
foreclojure.golf,hiccup.form
foreclojure.login,clout.core
foreclojure.ring,clojure.pprint
foreclojure.core,foreclojure.social
foreclojure.utils,noir.session
foreclojure.ring,foreclojure.version-utils
foreclojure.core,foreclojure.golf
foreclojure.ring,clojure.stacktrace
foreclojure.social,innuendo.core
foreclojure.login,foreclojure.messages
foreclojure.register,clout.core
foreclojure.login,compojure.core
foreclojure.version,foreclojure.git
foreclojure.datatable,clout.core
foreclojure.static,foreclojure.template
foreclojure.register,hiccup.form
foreclojure.problems,cheshire.core
foreclojure.register,foreclojure.template
foreclojure.static,compojure.core
foreclojure.login,somnium.congomongo
foreclojure.solutions,somnium.congomongo
foreclojure.social,foreclojure.template
foreclojure.core,mongo-session.core
foreclojure.version,clojure.core
foreclojure.users,ring.util.response
foreclojure.home,hiccup.form
foreclojure.periodic,clojure.core
foreclojure.core,compojure.core
foreclojure.core,foreclojure.home
foreclojure.problems,compojure.core
foreclojure.users,compojure.core
foreclojure.golf,hiccup.element
foreclojure.problems,hiccup.element
foreclojure.version,compojure.core
foreclojure.settings,compojure.core
foreclojure.home,foreclojure.config
foreclojure.social,foreclojure.utils
foreclojure.home,foreclojure.template
foreclojure.feeds,clojure.core
foreclojure.utils,foreclojure.ring-utils
foreclojure.datatable,clojure.core
foreclojure.users,clojure.core
foreclojure.graphs,incanter.core
foreclojure.version,foreclojure.template
foreclojure.mongo,foreclojure.problems
foreclojure.config,useful.config
foreclojure.users,foreclojure.utils
foreclojure.template,foreclojure.utils
foreclojure.golf,foreclojure.template
foreclojure.login,hiccup.form
